{"train/episode_length":996,"_step":10000,"train/total_loss":0.8812020023663839,"train/value_loss":1.4693202177683513,"train/episode_reward":-88.59400313778315,"_wandb":{"runtime":19995},"_runtime":19995,"_timestamp":1.7631950729160569e+09,"train/entropy":1.9053666591644287,"train/vf_explained_var":-0.36735808849334717,"train/policy_loss":0.2418102415588995}