step,policy_loss,value_loss,entropy,total_loss,episode_reward,episode_length
10,0.01092139013261693,0.03917389829803142,2.604834533883975,0.004459994888971918,-1332.9000312807038,81000
20,-0.09298135112347573,0.041786887570812656,2.5854068165788284,-0.09794197495614823,-1029.8000185471028,81000
