step,policy_loss,value_loss,entropy,total_loss,episode_reward,episode_length
10,-0.0033096801469552108,0.061106774674912094,2.511831551217116,0.0021253921987059027,-1417.5000358829275,81000
20,-0.053835538820707234,0.13251328314117228,2.1777367069744145,-0.009356263852140938,-1393.1400421578437,76236
30,-0.015296119119445324,0.10095548904735971,2.3912680704433185,0.011268945773526166,-1445.4600403187796,79514
40,-0.06882771629155356,0.19772271157416982,2.3001560712089906,0.007032078985447207,-1248.540035621263,77514
50,0.0068968248086793416,0.27983275003923785,2.307258737603059,0.12374061308532523,-1430.9100415650755,78556
